{
	"providers": {
		"awscloudformation": {
			"AuthRoleName": "amplify-reactserverless-dev-141533-authRole",
			"UnauthRoleArn": "arn:aws:iam::170976071768:role/amplify-reactserverless-dev-141533-unauthRole",
			"AuthRoleArn": "arn:aws:iam::170976071768:role/amplify-reactserverless-dev-141533-authRole",
			"Region": "us-west-2",
			"DeploymentBucketName": "amplify-reactserverless-dev-141533-deployment",
			"UnauthRoleName": "amplify-reactserverless-dev-141533-unauthRole",
			"StackName": "amplify-reactserverless-dev-141533",
			"StackId": "arn:aws:cloudformation:us-west-2:170976071768:stack/amplify-reactserverless-dev-141533/78c92990-d5ce-11ea-a2b9-02a77ed54d64",
			"AmplifyAppId": "d7vxfm73xwkd"
		}
	},
	"hosting": {
		"amplifyhosting": {
			"service": "amplifyhosting",
			"type": "cicd",
			"lastPushTimeStamp": "2020-08-03T21:18:29.626Z"
		}
	},
	"function": {
		"plaid": {
			"build": true,
			"providerPlugin": "awscloudformation",
			"service": "Lambda",
			"dependsOn": [],
			"lastBuildTimeStamp": "2020-08-03T23:21:02.403Z",
			"lastPackageTimeStamp": "2020-08-03T23:21:03.641Z",
			"distZipFilename": "plaid-6864316232624e695a53-build.zip",
			"providerMetadata": {
				"s3TemplateURL": "https://s3.amazonaws.com/amplify-reactserverless-dev-141533-deployment/amplify-cfn-templates/function/plaid-cloudformation-template.json",
				"logicalId": "functionplaid"
			},
			"lastPushTimeStamp": "2020-08-04T18:17:37.750Z",
			"output": {
				"Region": "us-west-2",
				"Arn": "arn:aws:lambda:us-west-2:170976071768:function:plaid-dev",
				"Name": "plaid-dev",
				"LambdaExecutionRole": "reactserverlessLambdaRoleb38458d4-dev"
			},
			"lastPushDirHash": "HKw7+3XLY4R1vfn2AOons2r3rWY="
		},
		"pyLambda": {
			"build": true,
			"providerPlugin": "awscloudformation",
			"service": "Lambda",
			"dependsOn": [],
			"lastBuildTimeStamp": "2020-08-04T18:16:29.979Z",
			"lastPackageTimeStamp": "2020-08-04T18:16:32.348Z",
			"distZipFilename": "pyLambda-6c56424135656f315369-build.zip",
			"providerMetadata": {
				"s3TemplateURL": "https://s3.amazonaws.com/amplify-reactserverless-dev-141533-deployment/amplify-cfn-templates/function/pyLambda-cloudformation-template.json",
				"logicalId": "functionpyLambda"
			},
			"lastPushTimeStamp": "2020-08-04T18:17:37.763Z",
			"output": {
				"Region": "us-west-2",
				"Arn": "arn:aws:lambda:us-west-2:170976071768:function:pyLambda-dev",
				"Name": "pyLambda-dev",
				"LambdaExecutionRole": "reactserverlessLambdaRole0e3993ff-dev"
			},
			"lastPushDirHash": "QSO8i5ETlvIh8rRaFe+XN3uZNP8="
		}
	},
	"api": {
		"plaidapi": {
			"service": "API Gateway",
			"providerPlugin": "awscloudformation",
			"dependsOn": [
				{
					"category": "function",
					"resourceName": "plaid",
					"attributes": [
						"Name",
						"Arn"
					]
				}
			],
			"providerMetadata": {
				"s3TemplateURL": "https://s3.amazonaws.com/amplify-reactserverless-dev-141533-deployment/amplify-cfn-templates/api/plaidapi-cloudformation-template.json",
				"logicalId": "apiplaidapi"
			},
			"lastPushTimeStamp": "2020-08-04T18:17:37.757Z",
			"output": {
				"ApiName": "plaidapi",
				"RootUrl": "https://bjqxg1w04l.execute-api.us-west-2.amazonaws.com/dev",
				"ApiId": "bjqxg1w04l"
			},
			"lastPushDirHash": "RBJRAXjqi1uC39xeVGU9TwhWYkA="
		},
		"pyapi": {
			"service": "API Gateway",
			"providerPlugin": "awscloudformation",
			"dependsOn": [
				{
					"category": "function",
					"resourceName": "pyLambda",
					"attributes": [
						"Name",
						"Arn"
					]
				}
			],
			"providerMetadata": {
				"s3TemplateURL": "https://s3.amazonaws.com/amplify-reactserverless-dev-141533-deployment/amplify-cfn-templates/api/pyapi-cloudformation-template.json",
				"logicalId": "apipyapi"
			},
			"lastPushTimeStamp": "2020-08-04T18:17:37.760Z",
			"output": {
				"ApiName": "pyapi",
				"RootUrl": "https://ydnp8k4sf8.execute-api.us-west-2.amazonaws.com/dev",
				"ApiId": "ydnp8k4sf8"
			},
			"lastPushDirHash": "0ftSHzx6ZXmlITk82kLFleOkG0E="
		}
	}
}